/mnt/d/image_class/models2/test_models/id-00000000, 0.7
/mnt/d/image_class/models2/test_models/id-00000001, 0.38
/mnt/d/image_class/models2/test_models/id-00000004, 0.76
/mnt/d/image_class/models2/test_models/id-00000005, 0.72
/mnt/d/image_class/models2/test_models/id-00000006, 0.72
/mnt/d/image_class/models2/test_models/id-00000007, 0.34
/mnt/d/image_class/models2/test_models/id-00000008, 0.64
/mnt/d/image_class/models2/test_models/id-00000011, 0.37
/mnt/d/image_class/models2/test_models/id-00000012, 0.72
/mnt/d/image_class/models2/test_models/id-00000015, 0.49
/mnt/d/image_class/models2/test_models/id-00000018, 0.72
/mnt/d/image_class/models2/test_models/id-00000020, 0.52
/mnt/d/image_class/models2/test_models/id-00000021, 0.41
/mnt/d/image_class/models2/test_models/id-00000025, 0.69
/mnt/d/image_class/models2/test_models/id-00000027, 0.4
/mnt/d/image_class/models2/test_models/id-00000028, 0.72
/mnt/d/image_class/models2/test_models/id-00000029, 0.66
/mnt/d/image_class/models2/test_models/id-00000031, 0.65
/mnt/d/image_class/models2/test_models/id-00000032, 0.72
/mnt/d/image_class/models2/test_models/id-00000034, 0.61
/mnt/d/image_class/models2/test_models/id-00000035, 0.72
/mnt/d/image_class/models2/test_models/id-00000037, 0.72
/mnt/d/image_class/models2/test_models/id-00000039, 0.48
/mnt/d/image_class/models2/test_models/id-00000069, 0.4
/mnt/d/image_class/models2/test_models/id-00000070, 0.53
/mnt/d/image_class/models2/test_models/id-00000080, 0.59
/mnt/d/image_class/models2/test_models/id-00000081, 0.58
/mnt/d/image_class/models2/test_models/id-00000085, 0.48
/mnt/d/image_class/models2/test_models/id-00000087, 0.57
/mnt/d/image_class/models2/test_models/id-00000091, 0.53
/mnt/d/image_class/models2/test_models/id-00000094, 0.49
/mnt/d/image_class/models2/test_models/id-00000096, 0.59
/mnt/d/image_class/models2/test_models/id-00000099, 0.53
/mnt/d/image_class/models2/test_models/id-00000100, 0.49
/mnt/d/image_class/models2/test_models/id-00000103, 0.62
/mnt/d/image_class/models2/test_models/id-00000104, 0.52
/mnt/d/image_class/models2/test_models/id-00000110, 0.49
/mnt/d/image_class/models2/test_models/id-00000111, 0.68
/mnt/d/image_class/models2/test_models/id-00000113, 0.52
/mnt/d/image_class/models2/test_models/id-00000114, 0.53
/mnt/d/image_class/models2/test_models/id-00000116, 0.64
/mnt/d/image_class/models2/test_models/id-00000117, 0.56
/mnt/d/image_class/models2/test_models/id-00000196, 0.45
/mnt/d/image_class/models2/test_models/id-00000197, 0.61
/mnt/d/image_class/models2/test_models/id-00000199, 0.79
/mnt/d/image_class/models2/test_models/id-00000200, 0.74
/mnt/d/image_class/models2/test_models/id-00000201, 0.4
/mnt/d/image_class/models2/test_models/id-00000202, 0.65
/mnt/d/image_class/models2/test_models/id-00000203, 0.74
/mnt/d/image_class/models2/test_models/id-00000204, 0.42
/mnt/d/image_class/models2/test_models/id-00000205, 0.51
/mnt/d/image_class/models2/test_models/id-00000209, 0.72
/mnt/d/image_class/models2/test_models/id-00000210, 0.43
/mnt/d/image_class/models2/test_models/id-00000212, 0.44
/mnt/d/image_class/models2/test_models/id-00000213, 0.37
/mnt/d/image_class/models2/test_models/id-00000214, 0.77
/mnt/d/image_class/models2/test_models/id-00000215, 0.74
/mnt/d/image_class/models2/test_models/id-00000216, 0.72
/mnt/d/image_class/models2/test_models/id-00000218, 0.65
/mnt/d/image_class/models2/test_models/id-00000219, 0.72
/mnt/d/image_class/models2/test_models/id-00000220, 0.67
/mnt/d/image_class/models2/test_models/id-00000221, 0.68
/mnt/d/image_class/models2/test_models/id-00000222, 0.52
/mnt/d/image_class/models2/test_models/id-00000223, 0.37
/mnt/d/image_class/models2/test_models/id-00000227, 0.49
/mnt/d/image_class/models2/test_models/id-00000228, 0.63
/mnt/d/image_class/models2/test_models/id-00000229, 0.67
/mnt/d/image_class/models2/test_models/id-00000230, 0.52
/mnt/d/image_class/models2/test_models/id-00000231, 0.64
/mnt/d/image_class/models2/test_models/id-00000233, 0.68
/mnt/d/image_class/models2/test_models/id-00000234, 0.72
/mnt/d/image_class/models2/test_models/id-00000235, 0.41
/mnt/d/image_class/models2/test_models/id-00000236, 0.48
/mnt/d/image_class/models2/test_models/id-00000237, 0.75
/mnt/d/image_class/models2/test_models/id-00000238, 0.51
/mnt/d/image_class/models2/test_models/id-00000239, 0.52
/mnt/d/image_class/models2/test_models/id-00000240, 0.5
/mnt/d/image_class/models2/test_models/id-00000241, 0.55
/mnt/d/image_class/models2/test_models/id-00000242, 0.4
/mnt/d/image_class/models2/test_models/id-00000243, 0.65
/mnt/d/image_class/models2/test_models/id-00000244, 0.47
/mnt/d/image_class/models2/test_models/id-00000245, 0.72
/mnt/d/image_class/models2/test_models/id-00000246, 0.74
/mnt/d/image_class/models2/test_models/id-00000247, 0.79
/mnt/d/image_class/models2/test_models/id-00000249, 0.39
/mnt/d/image_class/models2/test_models/id-00000250, 0.47
/mnt/d/image_class/models2/test_models/id-00000251, 0.64
/mnt/d/image_class/models2/test_models/id-00000252, 0.45
/mnt/d/image_class/models2/test_models/id-00000253, 0.47
/mnt/d/image_class/models2/test_models/id-00000254, 0.59
/mnt/d/image_class/models2/test_models/id-00000255, 0.73
/mnt/d/image_class/models2/test_models/id-00000256, 0.62
/mnt/d/image_class/models2/test_models/id-00000257, 0.57
/mnt/d/image_class/models2/test_models/id-00000258, 0.37
/mnt/d/image_class/models2/test_models/id-00000259, 0.56
/mnt/d/image_class/models2/test_models/id-00000260, 0.47
/mnt/d/image_class/models2/test_models/id-00000261, 0.72
/mnt/d/image_class/models2/test_models/id-00000262, 0.6
/mnt/d/image_class/models2/test_models/id-00000263, 0.47
/mnt/d/image_class/models2/test_models/id-00000264, 0.64
/mnt/d/image_class/models2/test_models/id-00000265, 0.57
/mnt/d/image_class/models2/test_models/id-00000266, 0.72
/mnt/d/image_class/models2/test_models/id-00000267, 0.72
/mnt/d/image_class/models2/test_models/id-00000268, 0.44
/mnt/d/image_class/models2/test_models/id-00000269, 0.36
/mnt/d/image_class/models2/test_models/id-00000270, 0.67
/mnt/d/image_class/models2/test_models/id-00000271, 0.72
/mnt/d/image_class/models2/test_models/id-00000272, 0.53
/mnt/d/image_class/models2/test_models/id-00000273, 0.34
/mnt/d/image_class/models2/test_models/id-00000275, 0.44
/mnt/d/image_class/models2/test_models/id-00000276, 0.55
/mnt/d/image_class/models2/test_models/id-00000277, 0.61
/mnt/d/image_class/models2/test_models/id-00000278, 0.3
/mnt/d/image_class/models2/test_models/id-00000279, 0.46
/mnt/d/image_class/models2/test_models/id-00000284, 0.57
/mnt/d/image_class/models2/test_models/id-00000285, 0.72
/mnt/d/image_class/models2/test_models/id-00000287, 0.58
/mnt/d/image_class/models2/test_models/id-00000288, 0.4
/mnt/d/image_class/models2/test_models/id-00000289, 0.61
/mnt/d/image_class/models2/test_models/id-00000327, 0.46
/mnt/d/image_class/models2/test_models/id-00000328, 0.72
/mnt/d/image_class/models2/test_models/id-00000329, 0.78
/mnt/d/image_class/models2/test_models/id-00000330, 0.45
/mnt/d/image_class/models2/test_models/id-00000331, 0.79
/mnt/d/image_class/models2/test_models/id-00000332, 0.48
/mnt/d/image_class/models2/test_models/id-00000333, 0.37
/mnt/d/image_class/models2/test_models/id-00000335, 0.6
/mnt/d/image_class/models2/test_models/id-00000336, 0.72
/mnt/d/image_class/models2/test_models/id-00000337, 0.41
/mnt/d/image_class/models2/test_models/id-00000338, 0.53
/mnt/d/image_class/models2/test_models/id-00000340, 0.65
/mnt/d/image_class/models2/test_models/id-00000341, 0.38
/mnt/d/image_class/models2/test_models/id-00000342, 0.41
/mnt/d/image_class/models2/test_models/id-00000343, 0.74
/mnt/d/image_class/models2/test_models/id-00000344, 0.73
/mnt/d/image_class/models2/test_models/id-00000345, 0.42
/mnt/d/image_class/models2/test_models/id-00000346, 0.72
/mnt/d/image_class/models2/test_models/id-00000348, 0.7
/mnt/d/image_class/models2/test_models/id-00000349, 0.46
/mnt/d/image_class/models2/test_models/id-00000350, 0.53
/mnt/d/image_class/models2/test_models/id-00000351, 0.54
/mnt/d/image_class/models2/test_models/id-00000352, 0.74
/mnt/d/image_class/models2/test_models/id-00000353, 0.69
/mnt/d/image_class/models2/test_models/id-00000355, 0.42
/mnt/d/image_class/models2/test_models/id-00000356, 0.75
/mnt/d/image_class/models2/test_models/id-00000357, 0.42
/mnt/d/image_class/models2/test_models/id-00000358, 0.65
/mnt/d/image_class/models2/test_models/id-00000359, 0.78
/mnt/d/image_class/models2/test_models/id-00000360, 0.72
/mnt/d/image_class/models2/test_models/id-00000361, 0.59
/mnt/d/image_class/models2/test_models/id-00000362, 0.54
/mnt/d/image_class/models2/test_models/id-00000363, 0.61
/mnt/d/image_class/models2/test_models/id-00000364, 0.39
/mnt/d/image_class/models2/test_models/id-00000366, 0.52
/mnt/d/image_class/models2/test_models/id-00000367, 0.52
/mnt/d/image_class/models2/test_models/id-00000368, 0.38
/mnt/d/image_class/models2/test_models/id-00000369, 0.71
/mnt/d/image_class/models2/test_models/id-00000370, 0.44
/mnt/d/image_class/models2/test_models/id-00000371, 0.75
/mnt/d/image_class/models2/test_models/id-00000372, 0.68
/mnt/d/image_class/models2/test_models/id-00000374, 0.6
/mnt/d/image_class/models2/test_models/id-00000375, 0.69
/mnt/d/image_class/models2/test_models/id-00000376, 0.6
/mnt/d/image_class/models2/test_models/id-00000377, 0.78
/mnt/d/image_class/models2/test_models/id-00000378, 0.7
/mnt/d/image_class/models2/test_models/id-00000380, 0.64
/mnt/d/image_class/models2/test_models/id-00000381, 0.59
/mnt/d/image_class/models2/test_models/id-00000382, 0.54
/mnt/d/image_class/models2/test_models/id-00000383, 0.66
/mnt/d/image_class/models2/test_models/id-00000384, 0.43
/mnt/d/image_class/models2/test_models/id-00000385, 0.66
/mnt/d/image_class/models2/test_models/id-00000386, 0.65
/mnt/d/image_class/models2/test_models/id-00000387, 0.42
/mnt/d/image_class/models2/test_models/id-00000388, 0.71
/mnt/d/image_class/models2/test_models/id-00000389, 0.63
/mnt/d/image_class/models2/test_models/id-00000390, 0.66
/mnt/d/image_class/models2/test_models/id-00000391, 0.48
/mnt/d/image_class/models2/test_models/id-00000392, 0.36
/mnt/d/image_class/models2/test_models/id-00000393, 0.72
/mnt/d/image_class/models2/test_models/id-00000395, 0.72
/mnt/d/image_class/models2/test_models/id-00000396, 0.63
/mnt/d/image_class/models2/test_models/id-00000397, 0.58
/mnt/d/image_class/models2/test_models/id-00000398, 0.47
/mnt/d/image_class/models2/test_models/id-00000399, 0.46
/mnt/d/image_class/models2/test_models/id-00000400, 0.68
/mnt/d/image_class/models2/test_models/id-00000401, 0.63
/mnt/d/image_class/models2/test_models/id-00000402, 0.66
/mnt/d/image_class/models2/test_models/id-00000403, 0.41
/mnt/d/image_class/models2/test_models/id-00000405, 0.72
/mnt/d/image_class/models2/test_models/id-00000406, 0.44
/mnt/d/image_class/models2/test_models/id-00000407, 0.46
/mnt/d/image_class/models2/test_models/id-00000408, 0.69
/mnt/d/image_class/models2/test_models/id-00000410, 0.74
/mnt/d/image_class/models2/test_models/id-00000411, 0.78
/mnt/d/image_class/models2/test_models/id-00000412, 0.43
/mnt/d/image_class/models2/test_models/id-00000413, 0.43
/mnt/d/image_class/models2/test_models/id-00000414, 0.41
/mnt/d/image_class/models2/test_models/id-00000415, 0.72
/mnt/d/image_class/models2/test_models/id-00000416, 0.55
/mnt/d/image_class/models2/test_models/id-00000417, 0.72
/mnt/d/image_class/models2/test_models/id-00000418, 0.53
/mnt/d/image_class/models2/test_models/id-00000419, 0.63
/mnt/d/image_class/models2/test_models/id-00000420, 0.4
/mnt/d/image_class/models2/test_models/id-00000421, 0.46
/mnt/d/image_class/models2/test_models/id-00000422, 0.43
/mnt/d/image_class/models2/test_models/id-00000423, 0.72
/mnt/d/image_class/models2/test_models/id-00000424, 0.72
/mnt/d/image_class/models2/test_models/id-00000425, 0.54
/mnt/d/image_class/models2/test_models/id-00000426, 0.73
/mnt/d/image_class/models2/test_models/id-00000430, 0.69
/mnt/d/image_class/models2/test_models/id-00000431, 0.63
/mnt/d/image_class/models2/test_models/id-00000432, 0.54
/mnt/d/image_class/models2/test_models/id-00000434, 0.54
/mnt/d/image_class/models2/test_models/id-00000435, 0.41
/mnt/d/image_class/models2/test_models/id-00000436, 0.78
/mnt/d/image_class/models2/test_models/id-00000437, 0.61
/mnt/d/image_class/models2/test_models/id-00000438, 0.66
/mnt/d/image_class/models2/test_models/id-00000439, 0.41
/mnt/d/image_class/models2/test_models/id-00000440, 0.49
/mnt/d/image_class/models2/test_models/id-00000442, 0.57
/mnt/d/image_class/models2/test_models/id-00000443, 0.74
/mnt/d/image_class/models2/test_models/id-00000444, 0.49
/mnt/d/image_class/models2/test_models/id-00000445, 0.72
/mnt/d/image_class/models2/test_models/id-00000446, 0.5
/mnt/d/image_class/models2/test_models/id-00000447, 0.56
/mnt/d/image_class/models2/test_models/id-00000448, 0.64
/mnt/d/image_class/models2/test_models/id-00000449, 0.77
/mnt/d/image_class/models2/test_models/id-00000450, 0.55
/mnt/d/image_class/models2/test_models/id-00000451, 0.76
/mnt/d/image_class/models2/test_models/id-00000452, 0.6
/mnt/d/image_class/models2/test_models/id-00000453, 0.49
/mnt/d/image_class/models2/test_models/id-00000454, 0.72
/mnt/d/image_class/models2/test_models/id-00000455, 0.56
/mnt/d/image_class/models2/test_models/id-00000456, 0.68
/mnt/d/image_class/models2/test_models/id-00000457, 0.47
/mnt/d/image_class/models2/test_models/id-00000458, 0.46
/mnt/d/image_class/models2/test_models/id-00000459, 0.54
/mnt/d/image_class/models2/test_models/id-00000461, 0.67
/mnt/d/image_class/models2/test_models/id-00000462, 0.66
/mnt/d/image_class/models2/test_models/id-00000463, 0.68
/mnt/d/image_class/models2/test_models/id-00000464, 0.66
/mnt/d/image_class/models2/test_models/id-00000465, 0.55
/mnt/d/image_class/models2/test_models/id-00000466, 0.51
/mnt/d/image_class/models2/test_models/id-00000467, 0.7
/mnt/d/image_class/models2/test_models/id-00000468, 0.75
/mnt/d/image_class/models2/test_models/id-00000469, 0.48
/mnt/d/image_class/models2/test_models/id-00000470, 0.49
/mnt/d/image_class/models2/test_models/id-00000471, 0.64
/mnt/d/image_class/models2/test_models/id-00000472, 0.74
/mnt/d/image_class/models2/test_models/id-00000473, 0.36
/mnt/d/image_class/models2/test_models/id-00000474, 0.67
/mnt/d/image_class/models2/test_models/id-00000475, 0.68
/mnt/d/image_class/models2/test_models/id-00000476, 0.72
/mnt/d/image_class/models2/test_models/id-00000478, 0.47
/mnt/d/image_class/models2/test_models/id-00000480, 0.73
/mnt/d/image_class/models2/test_models/id-00000481, 0.42
/mnt/d/image_class/models2/test_models/id-00000484, 0.46
/mnt/d/image_class/models2/test_models/id-00000485, 0.52
/mnt/d/image_class/models2/test_models/id-00000486, 0.47
/mnt/d/image_class/models2/test_models/id-00000488, 0.79
/mnt/d/image_class/models2/test_models/id-00000489, 0.5
/mnt/d/image_class/models2/test_models/id-00000491, 0.69
/mnt/d/image_class/models2/test_models/id-00000492, 0.43
/mnt/d/image_class/models2/test_models/id-00000493, 0.59
/mnt/d/image_class/models2/test_models/id-00000495, 0.44
/mnt/d/image_class/models2/test_models/id-00000497, 0.72
/mnt/d/image_class/models2/test_models/id-00000499, 0.56
/mnt/d/image_class/models2/test_models/id-00000500, 0.76
/mnt/d/image_class/models2/test_models/id-00000502, 0.41
/mnt/d/image_class/models2/test_models/id-00000503, 0.44
/mnt/d/image_class/models2/test_models/id-00000504, 0.75
/mnt/d/image_class/models2/test_models/id-00000506, 0.76
/mnt/d/image_class/models2/test_models/id-00000507, 0.64
/mnt/d/image_class/models2/test_models/id-00000509, 0.78
/mnt/d/image_class/models2/test_models/id-00000510, 0.72
/mnt/d/image_class/models2/test_models/id-00000512, 0.72
/mnt/d/image_class/models2/test_models/id-00000513, 0.4
/mnt/d/image_class/models2/test_models/id-00000515, 0.72
/mnt/d/image_class/models2/test_models/id-00000517, 0.74
/mnt/d/image_class/models2/test_models/id-00000519, 0.43
/mnt/d/image_class/models2/test_models/id-00000520, 0.65
/mnt/d/image_class/models2/test_models/id-00000523, 0.56
/mnt/d/image_class/models2/test_models/id-00000524, 0.51
/mnt/d/image_class/models2/test_models/id-00000525, 0.38
/mnt/d/image_class/models2/test_models/id-00000527, 0.45
/mnt/d/image_class/models2/test_models/id-00000528, 0.45
/mnt/d/image_class/models2/test_models/id-00000529, 0.35
/mnt/d/image_class/models2/test_models/id-00000532, 0.5
/mnt/d/image_class/models2/test_models/id-00000533, 0.58
/mnt/d/image_class/models2/test_models/id-00000535, 0.77
/mnt/d/image_class/models2/test_models/id-00000536, 0.67
/mnt/d/image_class/models2/test_models/id-00000538, 0.66
/mnt/d/image_class/models2/test_models/id-00000539, 0.74
/mnt/d/image_class/models2/test_models/id-00000540, 0.72
/mnt/d/image_class/models2/test_models/id-00000541, 0.67
/mnt/d/image_class/models2/test_models/id-00000542, 0.67
/mnt/d/image_class/models2/test_models/id-00000543, 0.44
/mnt/d/image_class/models2/test_models/id-00000544, 0.66
/mnt/d/image_class/models2/test_models/id-00000545, 0.79
/mnt/d/image_class/models2/test_models/id-00000546, 0.7
/mnt/d/image_class/models2/test_models/id-00000547, 0.73
/mnt/d/image_class/models2/test_models/id-00000548, 0.68
/mnt/d/image_class/models2/test_models/id-00000549, 0.72
/mnt/d/image_class/models2/test_models/id-00000563, 0.39
/mnt/d/image_class/models2/test_models/id-00000564, 0.39
/mnt/d/image_class/models2/test_models/id-00000565, 0.48
/mnt/d/image_class/models2/test_models/id-00000568, 0.58
/mnt/d/image_class/models2/test_models/id-00000569, 0.41
/mnt/d/image_class/models2/test_models/id-00000570, 0.39
/mnt/d/image_class/models2/test_models/id-00000571, 0.57
/mnt/d/image_class/models2/test_models/id-00000572, 0.56
/mnt/d/image_class/models2/test_models/id-00000573, 0.69
/mnt/d/image_class/models2/test_models/id-00000574, 0.67
/mnt/d/image_class/models2/test_models/id-00000575, 0.38
/mnt/d/image_class/models2/test_models/id-00000576, 0.57
/mnt/d/image_class/models2/test_models/id-00000577, 0.61
/mnt/d/image_class/models2/test_models/id-00000578, 0.39
/mnt/d/image_class/models2/test_models/id-00000579, 0.51
/mnt/d/image_class/models2/test_models/id-00000580, 0.69
/mnt/d/image_class/models2/test_models/id-00000581, 0.65
/mnt/d/image_class/models2/test_models/id-00000589, 0.47
/mnt/d/image_class/models2/test_models/id-00000600, 0.6
/mnt/d/image_class/models2/test_models/id-00000601, 0.65
/mnt/d/image_class/models2/test_models/id-00000602, 0.73
/mnt/d/image_class/models2/test_models/id-00000603, 0.72
/mnt/d/image_class/models2/test_models/id-00000604, 0.72
/mnt/d/image_class/models2/test_models/id-00000607, 0.43
/mnt/d/image_class/models2/test_models/id-00000608, 0.32
/mnt/d/image_class/models2/test_models/id-00000609, 0.53
/mnt/d/image_class/models2/test_models/id-00000610, 0.7
/mnt/d/image_class/models2/test_models/id-00000613, 0.62
/mnt/d/image_class/models2/test_models/id-00000614, 0.41
/mnt/d/image_class/models2/test_models/id-00000615, 0.72
/mnt/d/image_class/models2/test_models/id-00000616, 0.59
/mnt/d/image_class/models2/test_models/id-00000617, 0.66
/mnt/d/image_class/models2/test_models/id-00000618, 0.38
/mnt/d/image_class/models2/test_models/id-00000620, 0.58
/mnt/d/image_class/models2/test_models/id-00000621, 0.66
/mnt/d/image_class/models2/test_models/id-00000622, 0.61
/mnt/d/image_class/models2/test_models/id-00000623, 0.41
/mnt/d/image_class/models2/test_models/id-00000624, 0.63
/mnt/d/image_class/models2/test_models/id-00000625, 0.41
/mnt/d/image_class/models2/test_models/id-00000629, 0.59
/mnt/d/image_class/models2/test_models/id-00000631, 0.73
/mnt/d/image_class/models2/test_models/id-00000633, 0.72
/mnt/d/image_class/models2/test_models/id-00000634, 0.52
/mnt/d/image_class/models2/test_models/id-00000636, 0.34
/mnt/d/image_class/models2/test_models/id-00000637, 0.59
/mnt/d/image_class/models2/test_models/id-00000639, 0.68
/mnt/d/image_class/models2/test_models/id-00000640, 0.65
/mnt/d/image_class/models2/test_models/id-00000642, 0.65
/mnt/d/image_class/models2/test_models/id-00000643, 0.5
/mnt/d/image_class/models2/test_models/id-00000645, 0.75
/mnt/d/image_class/models2/test_models/id-00000646, 0.78
/mnt/d/image_class/models2/test_models/id-00000648, 0.69
/mnt/d/image_class/models2/test_models/id-00000649, 0.6
/mnt/d/image_class/models2/test_models/id-00000654, 0.64
/mnt/d/image_class/models2/test_models/id-00000655, 0.73
/mnt/d/image_class/models2/test_models/id-00000656, 0.36
/mnt/d/image_class/models2/test_models/id-00000658, 0.44
/mnt/d/image_class/models2/test_models/id-00000659, 0.76
/mnt/d/image_class/models2/test_models/id-00000660, 0.54
/mnt/d/image_class/models2/test_models/id-00000662, 0.76
/mnt/d/image_class/models2/test_models/id-00000663, 0.75
/mnt/d/image_class/models2/test_models/id-00000669, 0.72
/mnt/d/image_class/models2/test_models/id-00000671, 0.43
/mnt/d/image_class/models2/test_models/id-00000674, 0.39
/mnt/d/image_class/models2/test_models/id-00000676, 0.68
/mnt/d/image_class/models2/test_models/id-00000677, 0.41
/mnt/d/image_class/models2/test_models/id-00000678, 0.67
/mnt/d/image_class/models2/test_models/id-00000681, 0.71
/mnt/d/image_class/models2/test_models/id-00000682, 0.66
/mnt/d/image_class/models2/test_models/id-00000684, 0.31
/mnt/d/image_class/models2/test_models/id-00000685, 0.65
/mnt/d/image_class/models2/test_models/id-00000688, 0.69
/mnt/d/image_class/models2/test_models/id-00000689, 0.63
/mnt/d/image_class/models2/test_models/id-00000694, 0.59
/mnt/d/image_class/models2/test_models/id-00000695, 0.62
/mnt/d/image_class/models2/test_models/id-00000698, 0.67
/mnt/d/image_class/models2/test_models/id-00000699, 0.74
/mnt/d/image_class/models2/test_models/id-00000705, 0.41
/mnt/d/image_class/models2/test_models/id-00000706, 0.64
/mnt/d/image_class/models2/test_models/id-00000708, 0.64
/mnt/d/image_class/models2/test_models/id-00000709, 0.72
/mnt/d/image_class/models2/test_models/id-00000728, 0.64
/mnt/d/image_class/models2/test_models/id-00000729, 0.73
/mnt/d/image_class/models2/test_models/id-00000730, 0.74
/mnt/d/image_class/models2/test_models/id-00000731, 0.5
/mnt/d/image_class/models2/test_models/id-00000732, 0.63
/mnt/d/image_class/models2/test_models/id-00000733, 0.72
/mnt/d/image_class/models2/test_models/id-00000743, 0.72
/mnt/d/image_class/models2/test_models/id-00000744, 0.67
/mnt/d/image_class/models2/test_models/id-00000747, 0.44
/mnt/d/image_class/models2/test_models/id-00000748, 0.67
/mnt/d/image_class/models2/test_models/id-00000750, 0.51
/mnt/d/image_class/models2/test_models/id-00000752, 0.43
/mnt/d/image_class/models2/test_models/id-00000753, 0.67
/mnt/d/image_class/models2/test_models/id-00000754, 0.47
/mnt/d/image_class/models2/test_models/id-00000756, 0.72
/mnt/d/image_class/models2/test_models/id-00000757, 0.69
/mnt/d/image_class/models2/test_models/id-00000759, 0.65
/mnt/d/image_class/models2/test_models/id-00000760, 0.56
/mnt/d/image_class/models2/test_models/id-00000762, 0.47
/mnt/d/image_class/models2/test_models/id-00000763, 0.52
/mnt/d/image_class/models2/test_models/id-00000764, 0.4
/mnt/d/image_class/models2/test_models/id-00000766, 0.49
/mnt/d/image_class/models2/test_models/id-00000767, 0.59
/mnt/d/image_class/models2/test_models/id-00000769, 0.47
/mnt/d/image_class/models2/test_models/id-00000770, 0.38
/mnt/d/image_class/models2/test_models/id-00000820, 0.66
/mnt/d/image_class/models2/test_models/id-00000821, 0.65
/mnt/d/image_class/models2/test_models/id-00000822, 0.49
/mnt/d/image_class/models2/test_models/id-00000823, 0.53
/mnt/d/image_class/models2/test_models/id-00000824, 0.73
/mnt/d/image_class/models2/test_models/id-00000825, 0.59
/mnt/d/image_class/models2/test_models/id-00000826, 0.48
/mnt/d/image_class/models2/test_models/id-00000827, 0.52
/mnt/d/image_class/models2/test_models/id-00000828, 0.63
/mnt/d/image_class/models2/test_models/id-00000829, 0.74
/mnt/d/image_class/models2/test_models/id-00000830, 0.72
/mnt/d/image_class/models2/test_models/id-00000831, 0.67
/mnt/d/image_class/models2/test_models/id-00000833, 0.44
/mnt/d/image_class/models2/test_models/id-00000834, 0.72
/mnt/d/image_class/models2/test_models/id-00000835, 0.7
/mnt/d/image_class/models2/test_models/id-00000836, 0.59
/mnt/d/image_class/models2/test_models/id-00000838, 0.61
/mnt/d/image_class/models2/test_models/id-00000839, 0.54
/mnt/d/image_class/models2/test_models/id-00000840, 0.72
/mnt/d/image_class/models2/test_models/id-00000841, 0.72
/mnt/d/image_class/models2/test_models/id-00000842, 0.79
/mnt/d/image_class/models2/test_models/id-00000843, 0.52
/mnt/d/image_class/models2/test_models/id-00000844, 0.71
/mnt/d/image_class/models2/test_models/id-00000845, 0.73
/mnt/d/image_class/models2/test_models/id-00000847, 0.56
/mnt/d/image_class/models2/test_models/id-00000848, 0.75
/mnt/d/image_class/models2/test_models/id-00000849, 0.65
/mnt/d/image_class/models2/test_models/id-00000850, 0.45
/mnt/d/image_class/models2/test_models/id-00000851, 0.57
/mnt/d/image_class/models2/test_models/id-00000852, 0.46
/mnt/d/image_class/models2/test_models/id-00000853, 0.7
/mnt/d/image_class/models2/test_models/id-00000854, 0.7
/mnt/d/image_class/models2/test_models/id-00000855, 0.6
/mnt/d/image_class/models2/test_models/id-00000856, 0.72
/mnt/d/image_class/models2/test_models/id-00000857, 0.68
/mnt/d/image_class/models2/test_models/id-00000858, 0.45
/mnt/d/image_class/models2/test_models/id-00000859, 0.71
/mnt/d/image_class/models2/test_models/id-00000860, 0.62
/mnt/d/image_class/models2/test_models/id-00000862, 0.73
/mnt/d/image_class/models2/test_models/id-00000863, 0.75
/mnt/d/image_class/models2/test_models/id-00000864, 0.63
/mnt/d/image_class/models2/test_models/id-00000865, 0.75
/mnt/d/image_class/models2/test_models/id-00000866, 0.67
/mnt/d/image_class/models2/test_models/id-00000867, 0.49
/mnt/d/image_class/models2/test_models/id-00000868, 0.7
/mnt/d/image_class/models2/test_models/id-00000869, 0.72
/mnt/d/image_class/models2/test_models/id-00000870, 0.73
/mnt/d/image_class/models2/test_models/id-00000871, 0.51
/mnt/d/image_class/models2/test_models/id-00000872, 0.6
/mnt/d/image_class/models2/test_models/id-00000873, 0.67
/mnt/d/image_class/models2/test_models/id-00000874, 0.54
/mnt/d/image_class/models2/test_models/id-00000875, 0.72
/mnt/d/image_class/models2/test_models/id-00000876, 0.73
/mnt/d/image_class/models2/test_models/id-00000877, 0.77
/mnt/d/image_class/models2/test_models/id-00000878, 0.54
/mnt/d/image_class/models2/test_models/id-00000880, 0.59
/mnt/d/image_class/models2/test_models/id-00000881, 0.74
/mnt/d/image_class/models2/test_models/id-00000882, 0.72
/mnt/d/image_class/models2/test_models/id-00000883, 0.45
/mnt/d/image_class/models2/test_models/id-00000884, 0.73
/mnt/d/image_class/models2/test_models/id-00000885, 0.73
/mnt/d/image_class/models2/test_models/id-00000886, 0.64
/mnt/d/image_class/models2/test_models/id-00000887, 0.54
/mnt/d/image_class/models2/test_models/id-00000888, 0.39
/mnt/d/image_class/models2/test_models/id-00000890, 0.54
/mnt/d/image_class/models2/test_models/id-00000891, 0.72
/mnt/d/image_class/models2/test_models/id-00000892, 0.77
/mnt/d/image_class/models2/test_models/id-00000893, 0.47
/mnt/d/image_class/models2/test_models/id-00000894, 0.47
/mnt/d/image_class/models2/test_models/id-00000896, 0.42
/mnt/d/image_class/models2/test_models/id-00000897, 0.54
/mnt/d/image_class/models2/test_models/id-00000898, 0.7
/mnt/d/image_class/models2/test_models/id-00000899, 0.44
/mnt/d/image_class/models2/test_models/id-00000900, 0.74
/mnt/d/image_class/models2/test_models/id-00000901, 0.72
/mnt/d/image_class/models2/test_models/id-00000903, 0.57
/mnt/d/image_class/models2/test_models/id-00000904, 0.66
/mnt/d/image_class/models2/test_models/id-00000905, 0.41
/mnt/d/image_class/models2/test_models/id-00000906, 0.72
/mnt/d/image_class/models2/test_models/id-00000907, 0.65
/mnt/d/image_class/models2/test_models/id-00000908, 0.64
/mnt/d/image_class/models2/test_models/id-00000909, 0.54
/mnt/d/image_class/models2/test_models/id-00000910, 0.72
/mnt/d/image_class/models2/test_models/id-00000911, 0.72
/mnt/d/image_class/models2/test_models/id-00000912, 0.68
/mnt/d/image_class/models2/test_models/id-00000913, 0.75
/mnt/d/image_class/models2/test_models/id-00000914, 0.65
/mnt/d/image_class/models2/test_models/id-00000915, 0.33
/mnt/d/image_class/models2/test_models/id-00000916, 0.72
/mnt/d/image_class/models2/test_models/id-00000917, 0.65
/mnt/d/image_class/models2/test_models/id-00000918, 0.39
/mnt/d/image_class/models2/test_models/id-00000919, 0.54
/mnt/d/image_class/models2/test_models/id-00000920, 0.8
/mnt/d/image_class/models2/test_models/id-00000922, 0.4
/mnt/d/image_class/models2/test_models/id-00000923, 0.72
/mnt/d/image_class/models2/test_models/id-00000924, 0.36
/mnt/d/image_class/models2/test_models/id-00000925, 0.54
/mnt/d/image_class/models2/test_models/id-00000926, 0.33
/mnt/d/image_class/models2/test_models/id-00000927, 0.56
/mnt/d/image_class/models2/test_models/id-00000928, 0.61
/mnt/d/image_class/models2/test_models/id-00000929, 0.74
/mnt/d/image_class/models2/test_models/id-00000930, 0.74
/mnt/d/image_class/models2/test_models/id-00000931, 0.63
/mnt/d/image_class/models2/test_models/id-00000932, 0.72
/mnt/d/image_class/models2/test_models/id-00000933, 0.65
/mnt/d/image_class/models2/test_models/id-00000934, 0.59
/mnt/d/image_class/models2/test_models/id-00000935, 0.75
/mnt/d/image_class/models2/test_models/id-00000936, 0.56
/mnt/d/image_class/models2/test_models/id-00000937, 0.63
/mnt/d/image_class/models2/test_models/id-00000939, 0.64
/mnt/d/image_class/models2/test_models/id-00000940, 0.68
/mnt/d/image_class/models2/test_models/id-00000941, 0.73
/mnt/d/image_class/models2/test_models/id-00000942, 0.67
/mnt/d/image_class/models2/test_models/id-00000943, 0.4
/mnt/d/image_class/models2/test_models/id-00000944, 0.72
/mnt/d/image_class/models2/test_models/id-00000945, 0.48
/mnt/d/image_class/models2/test_models/id-00000946, 0.6
/mnt/d/image_class/models2/test_models/id-00000947, 0.67
/mnt/d/image_class/models2/test_models/id-00000948, 0.4
/mnt/d/image_class/models2/test_models/id-00000949, 0.47
/mnt/d/image_class/models2/test_models/id-00000950, 0.78
/mnt/d/image_class/models2/test_models/id-00000952, 0.55
/mnt/d/image_class/models2/test_models/id-00000953, 0.71
/mnt/d/image_class/models2/test_models/id-00000954, 0.34
/mnt/d/image_class/models2/test_models/id-00000955, 0.52
/mnt/d/image_class/models2/test_models/id-00000956, 0.64
/mnt/d/image_class/models2/test_models/id-00000957, 0.53
/mnt/d/image_class/models2/test_models/id-00000958, 0.43
/mnt/d/image_class/models2/test_models/id-00000959, 0.51
/mnt/d/image_class/models2/test_models/id-00000960, 0.67
/mnt/d/image_class/models2/test_models/id-00000962, 0.77
/mnt/d/image_class/models2/test_models/id-00000963, 0.8
/mnt/d/image_class/models2/test_models/id-00000965, 0.63
/mnt/d/image_class/models2/test_models/id-00000966, 0.68
/mnt/d/image_class/models2/test_models/id-00000967, 0.75
/mnt/d/image_class/models2/test_models/id-00000968, 0.62
/mnt/d/image_class/models2/test_models/id-00000969, 0.77
/mnt/d/image_class/models2/test_models/id-00000970, 0.53
/mnt/d/image_class/models2/test_models/id-00000971, 0.61
/mnt/d/image_class/models2/test_models/id-00000972, 0.67
/mnt/d/image_class/models2/test_models/id-00000973, 0.54
/mnt/d/image_class/models2/test_models/id-00000974, 0.74
/mnt/d/image_class/models2/test_models/id-00000975, 0.76
/mnt/d/image_class/models2/test_models/id-00000976, 0.72
/mnt/d/image_class/models2/test_models/id-00000977, 0.67
/mnt/d/image_class/models2/test_models/id-00000978, 0.6
/mnt/d/image_class/models2/test_models/id-00000979, 0.36
/mnt/d/image_class/models2/test_models/id-00000980, 0.69
/mnt/d/image_class/models2/test_models/id-00000981, 0.72
/mnt/d/image_class/models2/test_models/id-00000982, 0.36
/mnt/d/image_class/models2/test_models/id-00000983, 0.71
/mnt/d/image_class/models2/test_models/id-00000984, 0.71
/mnt/d/image_class/models2/test_models/id-00000990, 0.62
/mnt/d/image_class/models2/test_models/id-00000991, 0.6
/mnt/d/image_class/models2/test_models/id-00000995, 0.59
/mnt/d/image_class/models2/test_models/id-00000996, 0.72
/mnt/d/image_class/models2/test_models/id-00000997, 0.61
/mnt/d/image_class/models2/test_models/id-00000998, 0.66
/mnt/d/image_class/models2/test_models/id-00000999, 0.79
/mnt/d/image_class/models2/test_models/id-00001000, 0.44
/mnt/d/image_class/models2/test_models/id-00001001, 0.48
/mnt/d/image_class/models2/test_models/id-00001002, 0.45
/mnt/d/image_class/models2/test_models/id-00001003, 0.59
/mnt/d/image_class/models2/test_models/id-00001004, 0.66
/mnt/d/image_class/models2/test_models/id-00001005, 0.67
/mnt/d/image_class/models2/test_models/id-00001006, 0.72
/mnt/d/image_class/models2/test_models/id-00001007, 0.58
/mnt/d/image_class/models2/test_models/id-00001009, 0.53
/mnt/d/image_class/models2/test_models/id-00001010, 0.71
/mnt/d/image_class/models2/test_models/id-00001011, 0.48
/mnt/d/image_class/models2/test_models/id-00001012, 0.71
/mnt/d/image_class/models2/test_models/id-00001013, 0.72
/mnt/d/image_class/models2/test_models/id-00001014, 0.68
/mnt/d/image_class/models2/test_models/id-00001016, 0.52
/mnt/d/image_class/models2/test_models/id-00001017, 0.6
/mnt/d/image_class/models2/test_models/id-00001018, 0.71
/mnt/d/image_class/models2/test_models/id-00001019, 0.56
/mnt/d/image_class/models2/test_models/id-00001020, 0.68
/mnt/d/image_class/models2/test_models/id-00001021, 0.55
/mnt/d/image_class/models2/test_models/id-00001022, 0.65
/mnt/d/image_class/models2/test_models/id-00001023, 0.4
/mnt/d/image_class/models2/test_models/id-00001024, 0.55
/mnt/d/image_class/models2/test_models/id-00001025, 0.4
/mnt/d/image_class/models2/test_models/id-00001026, 0.72
/mnt/d/image_class/models2/test_models/id-00001027, 0.74
/mnt/d/image_class/models2/test_models/id-00001028, 0.71
/mnt/d/image_class/models2/test_models/id-00001029, 0.38
/mnt/d/image_class/models2/test_models/id-00001030, 0.68
/mnt/d/image_class/models2/test_models/id-00001031, 0.65
/mnt/d/image_class/models2/test_models/id-00001032, 0.72
/mnt/d/image_class/models2/test_models/id-00001033, 0.47
/mnt/d/image_class/models2/test_models/id-00001034, 0.72
/mnt/d/image_class/models2/test_models/id-00001035, 0.56
/mnt/d/image_class/models2/test_models/id-00001037, 0.72
/mnt/d/image_class/models2/test_models/id-00001039, 0.69
/mnt/d/image_class/models2/test_models/id-00001040, 0.38
/mnt/d/image_class/models2/test_models/id-00001042, 0.5
/mnt/d/image_class/models2/test_models/id-00001043, 0.66
/mnt/d/image_class/models2/test_models/id-00001044, 0.69
/mnt/d/image_class/models2/test_models/id-00001045, 0.48
/mnt/d/image_class/models2/test_models/id-00001046, 0.72
/mnt/d/image_class/models2/test_models/id-00001047, 0.42
/mnt/d/image_class/models2/test_models/id-00001048, 0.54
/mnt/d/image_class/models2/test_models/id-00001049, 0.37
/mnt/d/image_class/models2/test_models/id-00001050, 0.49
/mnt/d/image_class/models2/test_models/id-00001051, 0.7
/mnt/d/image_class/models2/test_models/id-00001052, 0.54
/mnt/d/image_class/models2/test_models/id-00001053, 0.57
/mnt/d/image_class/models2/test_models/id-00001054, 0.53
/mnt/d/image_class/models2/test_models/id-00001055, 0.53
/mnt/d/image_class/models2/test_models/id-00001056, 0.43
/mnt/d/image_class/models2/test_models/id-00001057, 0.76
/mnt/d/image_class/models2/test_models/id-00001058, 0.5
/mnt/d/image_class/models2/test_models/id-00001060, 0.57
/mnt/d/image_class/models2/test_models/id-00001061, 0.75
/mnt/d/image_class/models2/test_models/id-00001062, 0.72
/mnt/d/image_class/models2/test_models/id-00001063, 0.55
/mnt/d/image_class/models2/test_models/id-00001064, 0.47
/mnt/d/image_class/models2/test_models/id-00001065, 0.45
/mnt/d/image_class/models2/test_models/id-00001066, 0.72
/mnt/d/image_class/models2/test_models/id-00001067, 0.56
/mnt/d/image_class/models2/test_models/id-00001068, 0.53
/mnt/d/image_class/models2/test_models/id-00001069, 0.73
/mnt/d/image_class/models2/test_models/id-00001070, 0.76
/mnt/d/image_class/models2/test_models/id-00001071, 0.45
/mnt/d/image_class/models2/test_models/id-00001072, 0.74
/mnt/d/image_class/models2/test_models/id-00001073, 0.73
/mnt/d/image_class/models2/test_models/id-00001074, 0.6
/mnt/d/image_class/models2/test_models/id-00001076, 0.55
/mnt/d/image_class/models2/test_models/id-00001077, 0.46
/mnt/d/image_class/models2/test_models/id-00001078, 0.42
/mnt/d/image_class/models2/test_models/id-00001079, 0.65
/mnt/d/image_class/models2/test_models/id-00001080, 0.57
/mnt/d/image_class/models2/test_models/id-00001081, 0.6
/mnt/d/image_class/models2/test_models/id-00001082, 0.68
/mnt/d/image_class/models2/test_models/id-00001084, 0.72
/mnt/d/image_class/models2/test_models/id-00001085, 0.72
/mnt/d/image_class/models2/test_models/id-00001086, 0.39
/mnt/d/image_class/models2/test_models/id-00001087, 0.77
/mnt/d/image_class/models2/test_models/id-00001088, 0.74
/mnt/d/image_class/models2/test_models/id-00001089, 0.74
/mnt/d/image_class/models2/test_models/id-00001090, 0.45
/mnt/d/image_class/models2/test_models/id-00001092, 0.46
/mnt/d/image_class/models2/test_models/id-00001093, 0.72
/mnt/d/image_class/models2/test_models/id-00001094, 0.49
/mnt/d/image_class/models2/test_models/id-00001095, 0.46
/mnt/d/image_class/models2/test_models/id-00001097, 0.59
/mnt/d/image_class/models2/test_models/id-00001098, 0.66
/mnt/d/image_class/models2/test_models/id-00001099, 0.72
